insert into add_paises (pai_nombre) values 
	('India'),
	('Grecia'),
	('Australia'),
	('Nueva Zelanda'),
	('China'),
	('Indoniesia'),
	('Japon'),
	('Korea'),
	('Singapur'),
	('Francia'),
	('Alemania'),
	('Italia'),
	('Holanda'),
	('España'),
	('Suiza'),
	('Turquia'),
	('Reino Unido'),
	('Argentina'),
	('Brazil'),
	('Chile'),
	('Colombia'),
	('Mexico'),
	('Canada'),
	('Estados Unidos');

insert into add_asociaciones_nacionales (aso_nac_nombre,aso_nac_region,aso_nac_id_pai) values
('AEFAA - Asociación Española de Fragancias y Aromas Alimentarios','Europa',14),
('DVRH - Deutscher Verband der Riechstoff','Europa',11),
('SFFIA - Swiss Flavour and Fragrance Industry Association','Europa',15),
('Prodarom','Europa',10),
('Fragrance Creators Association', 'Norte America', 24);

insert into add_proveedores (prov_nombre,prov_email,prov_pag_web,prov_direccion,prov_id_aso_nac,prov_id_pai) values 
('Firmenich','info@firmenich.com','www.firmenich.com/','Rue de la Bergère 7, 1217 Meyrin, Suiza',3,15),
('Privi','info@privi.co.in','www.privi.com/','Privi House, A-71,TTC Industrial Area,Thane Belapur Road,Kopar Khairane,Navi Mumbai - 400 709, India',null,1),
('Grau Aromatics', 'info@grau.biz', 'www.grau-aromatics.de/en/','Bismarckstr. 4, 73525 Schwäbisch Gmünd', 2, 11);

insert into add_productores (prod_nombre,prod_email,prod_pag_web,prod_direccion,prod_id_aso_nac) values 
('Symrise','info@symrise.com','www.symrise.com/','Muhlenfeldstrasse 1, Holzminden, Lower Saxony 37603 DE',2),
('Ultra international LTD', 'ultra@ultraintl.com', 'http://ultrainternational.com', '304, AVG Bhawan M-3, Connaught Circus New Delhi - 110001', null),
('Perfumarte','info@perfumarte.com','www.perfumarte.com/','Pol. Industrial Picassent, Calle Cinco, nº 20.46220 Picassent (Valencia), España',1),
('Bellevue Parfums','info@bellevueparfums.com','www.bellevueparfums.com/','12/14 Rond-Point des Champs-Élysées Marcel-Dassault, 75008 Paris, France',4),
('Armaf', 'CS@armaf.co.in', 'www.armaf.co.in/', 'Bangalore', null),
('DonnaKaran DKNY', 'HELP@DONNAKARAN.COM', 'www.donnakaran.com/home.do', '550 Seventh Avenue, Manhattan, New York', 5);

insert into add_miembros_ifra (mie_ifr_fecha_ini, mie_ifr_tipo, mie_ifr_fecha_fin, mie_ifr_id_prov, mie_ifr_id_prod) values 
		('1980-05-05', 'r', null, 1, null),
		('1995-08-23', 'r', null, null, 1),
		('2000-04-10', 's', null, 2, null),
		('2001-04-25', 's', null, null, 2),
		('1982-03-01', 'mn', null, null, 3),
		('2005-01-21', 'mn', null, null, 4),
		('1994-09-06', 'mn', '2015-07-12', null, 5),
		('2003-06-20', 'mn', null, null, 6),
		('1986-11-17', 'mn', null, 3, null);

insert into add_telefonos (tel_cod_pais, tel_numero, tel_id_prod, tel_id_prov) values
		('+41', '22 780 22 11', null, 1),
		('+91', '22 33043500', null, 2),
		('+91', '22 33043600', null, 2),
		('+49', '(0)5531/90-0', 1, null),
		('+91', '11 4151 7010', 2, null),
		('+34', '961 278 559', 3, null),
		('+33','6 26 22 36 53', 4, null),
		('+91', '9019 859 785', 5, null),
		('+1', '866-984-2118', 6, null),
		('+49', '7171 91140', null, 3);

insert into add_ingredientes_esencias (ing_ese_ipc, ing_ese_id_prov, ing_ese_tscacas, ing_ese_nombre, ing_ese_fema, ing_ese_meses_produccion, ing_ese_dosis_recomendada, ing_ese_ocurrencia_natural, ing_ese_apariencia, ing_ese_desc_olfativa, ing_ese_beneficios, ing_ese_certificaciones, ing_ese_punto_inflamabilidad, ing_ese_estado_reglamentario, ing_ese_recomendaciones_etiquetado) values 
		(969340, 1, '68917-05-5', 'osmanthus absolute', 3750, 'Septiembre, Octubre', 3, null, 'Desde verde oscuro, hasta marrón oscuro, liquida pasta viscosa', 'Albaricoque floral, graso, afrutado', 'útil para la creación de esencias amarillas', ' Kosher Certified, Organic Suitable EU', null, 'EU: Natural, US: Natural, Other: Contact us', 'EU: Osmanthus absolute or Extract, Other: Contact us'),
		(937451, 1, '23696-85-7', 'damascenone fab', 3420, null, 2.5,'Se encuentra naturalmente en tabaco, rosa, té, membrillo, grosella negra, albaricoque, manzana cocida, uva, nectarina, maracuyá, frambuesa, café, osmanthus, camomila, cerveza, coñac, vino …', 'Líquido amarillo pálido a amarillo', 'Afrutado, amaderado, floral, membrillo,fruta cocida y notas de tabaco', 'funciona bien en todo tipo de frutas, incluidas tomate, notas alcohólicas, té y sabores florales', 'Kosher Certified, Halal Certified', '100°C', 'Regulation (EC) N° 1334/2008 Flavouring Substance', null),
		(972375, 1, '60-12-8', 'phenylethanol nat', 2858, null, 10, 'Se encuentra naturalmente en manzana, albaricoque, plátano, queso, champiñones, durazno, frambuesa, rosa, fresa y tabaco', ' Líquido incoloro a amarillo claro', 'Potente floral, rosa, miel, notas frutales', 'agrega, más allá de su típica rosa y miel perfil, una interesante nota de fondo fermentada que es excelente para sabores de chocolate. Material muy flexible, se puede utilizar a partir de queso para aplicaciones de bebidas alcohólicas', 'Kosher Certified, Halal Certified', '98°C', ' Regulation (EC) N° 1334/2008 Natural Flavouring Substance', null),
		(11210013, 2, '8002-09-3', 'Pine oil-85', 3045, null, null, null, ' Líquido transparente incoloro a amarillo pálido', 'base de hierbas, pino, cítricos frescos', null, null, '88°C', null, null),
		(12320002, 2, '28219-61-6', 'Sandal Fleur', null, null, null, null, 'Líquido transparente e incoloro', 'Leñosa, sandalia, dulce, floral.', null, null, '110°C', null, null),
		(10610004, 2, '24720-09-0', 'alpha damascone', 3659, null, null, null, 'líquido claro amarillo pálido', 'Dulce floral metálico afrutado manzana picante ciruela menta', null, null, '100°C', null, null),
		(502236, 3, '10361-39-4', 'Benzyl valerate', null, null, null, null, ' Líquido Incoloro amarillo pálido', 'piel de manzana floral afrutada', null, 'Kosher certificate', '116°C', null, null),
		(500686, 3, '7774-44-9', 'Cyclohexyl isovalerate', 2355, null, null, null, 'líquido transparente incoloro', 'aroma a manzana y plátano.', null, 'Kosher certificate', '89°C', null, null),
		(501696, 3, '110-39-4', 'Octyl butyrate', 2807, null, null, null, 'líquido transparente incoloro', ' jazmín verde ceroso afrutado fresco aceitoso cremoso natural', null, 'Kosher certificate', '104°C', null, null);

insert into add_ingredientes_otros (ing_otr_nombre, ing_otr_tipo, ing_otr_ipc, ing_otr_tsacas, ing_otr_id_prov) values 
		('agua', 'n', null, '7732-18-5', null),
		('alcohol denat', 's', null, null, null),
		('citral', 'n', null, '5392-40-5', null),
		('citronellol', 'n', null, '106-22-9', null),
		('coumarin', 'n', null, '91-64-5', null),
		('limonene', 'n', null, '138-86-3', null),
		('linalool', 's', null, '78-70-6', null),
		('lilial', 's', null, '80-54-6', null),
		('Benzyl salicylate', 'n', null, '118-58-1', null),
		('alpha-TERPINEOL', 'n', null, '8000-41-7', null);

insert into add_componentes_extras (comp_ext_id_ing_ese, comp_ext_id_ing_otr) values
		(11210013, 10),
		(969340, 1),
		(937451, 1),
		(972375, 1),
		(11210013, 1),
		(12320002, 1),
		(10610004, 1),
		(502236, 1),
		(500686, 1);

insert into add_presentaciones_ing (pre_ing_volumen, pre_ing_precio, pre_ing_id_ing_ese, pre_ing_id_ing_otr) values
		(1, 17, 969340, null),
		(2, 34, 969340, null),
		(5, 73, 969340, null),
		(15, 182, 969340, null),
		(30, 329, 969340, null),
		(60, 601, 969340, null),
		(120, 1104, 969340, null),
		(4, 13.50, 937451, null),
		(15, 40.50, 937451, null),
		(30, 74.50, 937451, null),
		(80, 182.50, 937451, null),
		(100, 11, 972375, null),
		(1000, 44, 972375, null),
		(500, 25, 972375, null),
		(30, 13, 11210013, null),
		(950, 55, 11210013, null),
		(3785, 145, 11210013, null),
		(4, 3.25, 12320002, null),
		(15, 4, 12320002, null),
		(30, 5, 12320002, null),
		(80, 8, 12320002, null),
		(2, 3.24, 10610004, null),
		(15, 12.44, 10610004, null),
		(30, 21.14, 10610004, null),
		(80, 48.51, 10610004, null),
		(120, 71.85, 10610004, null),
		(240, 135.26, 10610004, null),
		(15, 13, 502236, null),
		(15, 20, 500686, null),
		(15, 25, 501696, null);

insert into add_origenes (ori_id_pai, ori_id_ing_ese) values 
		(5,969340),
		(1, 11210013),
		(1, 12320002),
		(1, 10610004),
		(11, 502236),
		(11, 500686),
		(11, 501696);
		
insert into add_esencias_perfumes (ese_per_nombre, ese_per_tipo, ese_per_descripcion) values
		('cardamomo', 'n', null),
		('bergamota', 'n', null),
		('manzana roja', 'n', null),
		('agua de mar', 's', null),
		('esclarea', 'n', null),
		('pachulí', 'n', null),
		('almizcle', 's', null),
		('ámbar', 's', null),
		('vainilla', 'n', null),
/*10*/	('cilantro', 'n', null),
		('ciprés', 'n', null),
		('vetiver', 'n', null),
		('hierba verde', 'n', null),
		('hojas de higuera', 'n', null),
		('elemí', 'n', null),
		('cedro', 'n', null),
		('madera de ciprés hinoki', 'n', null),
		('ámbar blanco', 's', null),
		('eneldo', 'n', null),
/*20*/	('pimienta negra', 'n', null),
		('nuez moscada', 'n', null),
		('palisandro', 'n', null),
		('té negro', 'n', null),
		('flor de cuaba blanca (madera de amyris)', 'n', null),
		('manzana verde', 'n', null),
		('chocolate', 'n', null),
		('incienso', 'n', null),
		('benjuí', 'n', null),
		('iris', 'n', null),
/*30*/	('mandarina', 'n', null),
		('gálbano', 'n', null),
		('naranja', 'n', null),
		('rosa', 'n', null),
		('jazmin', 'n', null),
		('almizcle blanco', 's', null),
		('lima', 'n', null),
		('menta', 'n', null),
		('geranio', 'n', null),
		('haba de tonka', 'n', null),
/*40*/	('musgo de roble', 'n', null),
		('ámbar gris', 's', null),
		('pomelo', 'n', null),
		('melocotón', 'n', null),
		('sándalo', 'n', null),
		('pimenta rosa', 'n', null),
		('azahar', 'n', null),
		('pera', 'n', null),
		('almendra amarga', 'n', null),
		('regaliz', 'n', null),
/*50*/	('madera de vainilla', 'n', null),
		('cachemira', 's', null),
		('limón (lima ácida)', 'n', null),
		('jengibre', 'n', null),
		('cedrón', 'n', null),
		('canela', 'n', null),
		('romero', 'n', null),
		('ylang-ylang', 'n', null),
		('incienso de olíbano', 'n', null),
		('tuberosa', 'n', null),
		('agujas de cedro', 'n', null),
		('nectarina', 'n', null),
		('lirio de los valles (muguete)', 's', null),
		('ciruela Mirabel', 'n', null),
		('cera de abeja', 'n', null),
		('neroli', 'n', null),
		('fresia amarilla', 's', null),
		('notas solares', 's', null),
		('pepino', 'n', null),
		('magnolia', 'n', null),
		('nardos', 'n', null),
		('violeta', 's', null),
		('notas amaderada', 'n', null),
		('guayaba', 'n', null),
		('mousse de dulce de leche', 's', null),
		('cardamomo negro', 'n', null),
		('jazmín sambac (sampaguita)', 'n', null),
		('té Blanco', 'n', null),
		('sándalo blanco', 'n', null),
		('osmanthus', 'n', null),
		('pino', 'n', null),
		('tabaco', 's', null);

insert into add_familias_olfativas (fam_olf_nombre) values
		('Verde'),
		('Citrico'),
		('Floral'),
		('Frutal'),
		('Aromatico'),
		('Helecho'),
		('Chipre'),
		('Madera'),
		('Oriental'),
		('Otro');

insert into add_fam_olf_ese_per (fam_olf_ese_per_id_fam_olf, fam_olf_ese_per_id_ese_per) values 
		(9, 1),
		(2, 2),
		(6, 2),
		(4, 3),
		(10, 4),
		(1, 5),
		(8, 6),
		(9, 7),
		(9, 8),
		(9, 9),
		(9, 10),
		(8, 11),
		(8, 12),
		(1, 13),
		(4, 14),
		(5, 15),
		(8, 16),
		(8, 17),
		(9, 18),
		(9, 19),
		(9, 20),
		(9, 21),
		(8, 22),
		(6, 23),
		(8, 24),
		(4, 25),
		(10, 26),
		(8, 27),
		(5, 28),
		(3, 29),
		(2, 30),
		(6, 31),
		(2, 32),
		(3, 33),
		(3, 34),
		(10, 35),
		(2, 36),
		(6, 37),
		(3, 38),
		(9, 39),
		(8, 40),
		(9, 41),
		(2, 42),
		(3, 43),
		(8, 44),
		(9, 45),
		(3, 46),
		(4, 47),
		(4, 48),
		(9, 49),
		(8, 50),
		(10, 51),
		(2, 52),
		(9, 53),
		(2, 54),
		(9, 55),
		(1, 56),
		(3, 57),
		(5, 58),
		(3, 59),
		(8, 60),
		(4, 61),
		(3, 62),
		(4, 63),
		(10, 64),
		(2, 65),
		(3, 66),
		(10, 67),
		(4, 68),
		(3, 69),
		(3, 70),
		(3, 71),
		(8, 72),
		(4, 73),
		(10, 74),
		(9, 75),
		(3, 76),
		(6, 77),
		(8, 78),
		(3, 79),
		(4, 79),
		(8, 80),
		(10, 81);

insert into add_fam_olf_ing_ese (fam_olf_ing_ese_id_ing_ese, fam_olf_ing_ese_id_fam_olf) values
		(969340, 3),
		(969340, 4),
		(937451, 4),
		(972375, 3),
		(11210013, 8),
		(12320002, 8),
		(10610004, 3),
		(10610004, 4),
		(502236, 4),
		(502236, 3),
		(500686, 4),
		(501696, 4);

insert into add_palabras_clave (pal_cla_palabra_unica) values
		('Diario'),
		('Trabajo'),
		('Casual'),
		('Noche'),
		('Templado'),
		('Fresco'),
		('Verano'),
		('Cálido'),
		('Primavera');

insert into add_pal_cla_fam_olf (pal_cla_id_pal_cla, pal_cla_id_fam_olf) values
		(1, 6),
		(1, 9),
		(2, 8),
		(2, 5),
		(3, 8),
		(3, 5),
		(1, 4),
		(4, 3),
		(1, 7),
		(1, 5),
		(4, 9),
		(4, 8),
		(1, 3),
		(5, 9),
		(5, 6),
		(6, 3),
		(6, 7),
		(7, 5),
		(7, 6),
		(8, 9),
		(7, 3),
		(9, 3);


insert into add_ing_ese_ese_per (ing_ese_ese_per_id_ing_ese, ing_ese_ese_per_id_ese_per) values
 		(969340, 79),
 		(972375, 33),
 		(12320002, 44),
 		(10610004, 3),
 		(10610004, 37),
 		(502236, 3),
 		(500686, 3),
 		(11210013, 80),
 		(937451, 81);

insert into add_prohibidos (pro_tscacas, pro_nombre) values
		('8002-09-3', 'Pine oil-85'),
		('28219-61-6', 'Sandal Fleur');


insert into add_condiciones_pago (con_pag_id_prov, con_pag_descripcion, con_pag_tipo, con_pag_cuotas, con_pag_porcentaje, con_pag_meses) values
		(1, 'Pago completo previo al envio de mercancia', 'contado', 1, 100, null),
		(1, 'Pago parcial posterior a la entrega de la mercancia', 'credito',4, 25, 4),
		(2, 'Pago completo al recibir de mercancia', 'contado', 1, 100, null),
		(2, 'Pago antes del envio', 'contado', 1, 100, null),
		(3, 'Pago unico luego de recibir la mercancia', 'credito', 1, 100, 1),
		(3, 'Pagos posteriores a recibir la mercancia', 'credito', 4, 25, 4);
		--(4, 'Pago en cuotas mensuales luego de recibir la mercancia', 'credito',2,50, 3),
		--(4, 'Pago completo al enviar la mercancia', 'contado', 1, 100, null);

insert into add_formulas_eval (for_eva_fecha,for_eva_fk_prod,for_eva_tipo) values 
('2020-07-23',1,'i');

insert into add_variables (var_id_for_eva,var_id_prod,var_nombre,var_peso) values 
('2020-07-23',1,'Ubicacion geografica',20),
('2020-07-23',1,'Costos y alternativas de envíos',40), 
('2020-07-23',1,'Alternativas y condiciones de pago',40);

insert into add_escalas (esc_fecha_ini,esc_id_prod,esc_rango_ini,esc_rango_fin,esc_criterio_exito) values 
('2020-07-23',1,0,20,60);


insert into add_condiciones_envio (con_env_id_pai,con_env_id_prov,con_env_descripcion,con_env_tipo_transporte,con_env_costo) values 
(14,1,null,'a',2000),
(11,1,null,'m',1200),
(10,2,null,'a',1000),
(14,3,null,'t',1700),
(24,3,null,'t',3000),
(24,1,null,'m',2000);

insert into add_prod_pais (prod_pais_id_pai,prod_pais_id_prod) values 
(11,1),
(11,2),
(10,2),
(14,3),
(10,3),
(11,4),
(10,4),
(24,4),
(24,5);


insert into add_perfumes (per_nombre, per_edad_dirigida, per_genero, per_id_prod) values
		('Burning Ice Iceberg', 'j', 'm', 1),
		('Six Scents 3 Cosmic Wonder: Spirit of Wood', 'a', 'u', 1),
		('Six Scents 4 Gareth Pugh: Diagonal', 'a', 'u', 1),
		('Skin Ceuticals Face Cream', 'a', 'u', 2),
		('Deep Fragrance Fresh Magic Hand Wash', 'at', 'u', 2),
		('Cocoa Butter Body Lotion Up&Up', 'at', 'u', 2),
		('Pétalos de Iris (PRI)', 'a', 'f', 3),
		('Corazón Rosa (LAI)', 'j', 'f', 3),
		('Agua Aromática (VEE)', 'a', 'm', 3),
		('ELIANA-POUR', 'j', 'f', 4),
		('ESTELLE', 'j', 'f', 4),
		('ESTELLE POUR-FEMME', 'j', 'f', 4),
		('Voyage Bleu Eau', 'a', 'f', 5),
		('The Pride Pour Homme', 'a', 'u', 5),
		('Hunter For Men', 'at', 'm', 5),
		('NECTAR LOVE', 'a', 'm', 6),
		('Be delicious', 'at', 'f', 6),
		('Stories DKYN', 'j', 'f', 6);

insert into add_otros_componentes (otr_com_id_ing_otr, otr_com_id_per) values
			(1, 13),
			(2, 13),
			(3, 13),
			(4, 13),
			(5, 13),
			(6, 13),
			(7, 13),
			(8, 13),
			(9, 15);

insert into add_fam_per (fam_per_id_per, fam_per_id_fam_olf) values
		(1, 9),
		(1, 6),
		(2, 8),
		(2, 5),
		(3, 8),
		(3, 5),
		(5, 4),
		(6, 10),
		(7, 3),
		(8, 7),
		(9, 6),
		(9, 5),
		(10, 9),
		(11, 9),
		(13, 9),
		(14, 3),
		(15, 3),
		(15, 8),
		(16, 9),
		(16, 3),
		(16, 4),
		(17, 3),
		(18, 9),
		(18, 3);

insert into add_notas (not_id_per, not_id_ese_per, not_tipo, not_concentracion) values
		(1, 1, 's', null),
		(1, 2, 's', null),
		(1, 3, 's', null),
		(1, 4, 'c', null),
		(1, 5, 'c', null),
		(1, 6, 'c', null),
		(1, 7, 'f', null),
		(1, 8, 'f', null),
		(1, 9, 'f', null),
		(7, 27, 's', null),
		(7, 28, 's', null),
		(7, 16, 'c', null),
		(7, 29, 'c', null),
		(7, 12, 'c', null),
		(7, 30, 'f', null),
		(7, 31, 'f', null),
		(7, 32, 'f', null),
		(8, 33, 's', null),
		(8, 2, 's', null),
		(8, 34, 'c', null),
		(8, 9, 'c', null),
		(8, 35, 'f', null),
		(9, 36, 's', null),
		(9, 37, 's', null),
		(9, 25, 's', null),
		(9, 38, 'c', null),
		(9, 41, 'c', null),
		(9, 39, 'c', null),
		(9, 9, 'f', null),
		(9, 16, 'f', null),
		(9, 40, 'f', null),
		(9, 12, 'f', null),
		(10, 42, 's', null),
		(10, 2, 's', null),
		(10, 32, 's', null),
		(10, 33, 'c', null),
		(10, 34, 'c', null),
		(10, 43, 'c', null),
		(10, 44, 'f', null),
		(10, 9, 'f', null),
		(10, 6, 'f', null),
		(11, 42, 's', null),
		(11, 2, 's', null),
		(11, 32, 's', null),
		(11, 33, 'c', null),
		(11, 34, 'c', null),
		(11, 43, 'c', null),
		(11, 44, 'f', null),
		(11, 9, 'f', null),
		(11, 6, 'f', null),
		(12, 45, 's', null),
		(12, 46, 's', null),
		(12, 47, 's', null),
		(12, 34, 'c', null),
		(12, 48, 'c', null),
		(12, 49, 'c', null),
		(12, 50, 'f', null),
		(12, 6, 'f', null),
		(12, 51, 'f', null),
		(13, 2, 's', null),
		(13, 42, 's', null),
		(13, 45, 's', null),
		(13, 52, 's', null),
		(13, 37, 'c', null),
		(13, 21, 'c', null),
		(13, 53, 'c', null),
		(13, 16, 'f', null),
		(13, 6, 'f', null),
		(13, 44, 'f', null),
		(13, 12, 'f', null),
		(14, 2, 's', null),
		(14, 52, 's', null),
		(14, 54, 's', null),
		(14, 55, 'c', null),
		(14, 21, 'c', null),
		(14, 40, 'c', null),
		(14, 44, 'f', null),
		(14, 9, 'f', null),
		(14, 39, 'f', null),
		(15, 42, 's', null),
		(15, 56, 's', null),
		(15, 1, 's', null),
		(15, 60, 's', null),
		(15, 57, 'c', null),
		(15, 58, 'c', null),
		(15, 59, 'c', null),
		(15, 12, 'f', null),
		(15, 44, 'f', null),
		(15, 16, 'f', null),
		(16, 42, 's', null),
		(16, 30, 's', null),
		(16, 61, 's', null),
		(16, 66, 's', null),
		(16, 67, 's', null),
		(16, 34, 'c', null),
		(16, 62, 'c', null),
		(16, 63, 'c', null),
		(16, 64, 'f', null),
		(16, 16, 'f', null),
		(16, 9, 'f', null),
		(16, 7, 'f', null),
		(16, 65, 'f', null),
		(17, 42, 's', null),
		(17, 68, 's', null),
		(17, 69, 's', null),
		(17, 70, 'c', null),
		(17, 33, 'c', null),
		(17, 63, 'c', null),
		(17, 71, 'c', null),
		(17, 25, 'c', null),
		(17, 72, 'f', null),
		(17, 8, 'f', null),
		(17, 44, 'f', null),
		(18, 73, 's', null),
		(18, 74, 's', null),
		(18, 45, 's', null),
		(18, 75, 's', null),
		(18, 76, 'c', null),
		(18, 29, 'c', null),
		(18, 77, 'c', null),
		(18, 9, 'f', null),
		(18, 78, 'f', null),
		(18, 41, 'f', null);

insert into add_monoliticas (mon_id_per, mon_id_ese_per) values
		(2, 10),
		(2, 11),
		(2, 12),
		(2, 13),
		(2, 14),
		(2, 15),
		(2, 16),
		(2, 17),
		(2, 18),
		(3, 7),
		(3, 19),
		(3, 20),
		(3, 21),
		(3, 22),
		(3, 23),
		(3, 24),
		(3, 18),
		(5, 25),
		(6, 26);

insert into add_intensidades (int_id_per, int_nombre, int_concentracion, int_descripcion) values
		(1, 'edt', null, null),
		(2, 'edp', null, null),
		(3, 'edp', null, null),
		(4, 'eds', null, null),
		(5, 'eds', null, null),
		(6, 'eds', null, null),
		(7, 'edc', null, null),
		(8, 'edc', null, null),
		(9, 'edc', null, null),
		(10, 'edp', null, null),
		(11, 'edp', null, null),
		(12, 'edp', null, null),
		(13, 'edp', null, null),
		(14, 'edp', null, null),
		(15, 'edt', null, null),
		(16, 'edp', null, null),
		(17, 'edp', null, null),
		(18, 'edp', null, null);

insert into add_presentaciones_perfumes (pre_per_id_int, pre_per_id_per, pre_per_volumen) values
		(1, 1, 100),
		(2, 2, 100),
		(3, 3, 100),
		(4, 4, 50),
		(5, 5, 250),
		(6, 6, 950),
		(7, 7, 10),
		(7, 7, 50),
		(7, 7, 75),
		(7, 7, 100),
		(8, 8, 10),
		(8, 8, 50),
		(8, 8, 75),
		(8, 8, 100),
		(9, 9, 10),
		(9, 9, 50),
		(9, 9, 75),
		(9, 9, 100),
		(10, 10, 100),
		(11, 11, 100),
		(12, 12, 100),
		(13, 13, 100),
		(14, 14, 100),
		(15, 15, 100),
		(16, 16, 100),
		(17, 17, 100),
		(17, 17, 150),
		(18, 18, 100),
		(18, 18, 4);

insert into add_perfumistas (perfu_nombre, perfu_apellido, perfu_genero, perfu_id_pai, perfu_nombre2, perfu_apellido2) values
		('Bernard', 'Ellena', 'm', 10, null, null),
		('Philippe', 'Paparella', 'm', 10, null, 'Paris'),
		('Emilie', 'Coppermann', 'f', 10, null, null),
		('Amit', 'Kumar', 'm', 1, 'Raj', null),
		('Maurice', 'Roucel', 'm', 10, null, null),
		('Stephen', 'Nilsen', 'm', 24, null, null);

insert into add_per_perfu (per_perfu_id_per, per_perfu_id_perfu) values
		(1, 1),
		(2, 2),
		(3, 3),
		(4, 4),
		(5, 4),
		(17, 5),
		(18, 6);

